"weighting","method","att","se","source"
"unweighted","reg",-1.6154372119444,4.60966710934773,"r"
"unweighted","ipw",-0.858562550105571,4.64247788519499,"r"
"unweighted","dr",-1.22564732423796,4.87236177747825,"r"
"weighted","reg",-3.45922005938704,2.39376548029289,"r"
"weighted","ipw",-3.84169668458171,3.33732748064792,"r"
"weighted","dr",-3.75610459854472,3.20347488931688,"r"
