weighting,method,att,se,source
unweighted,reg,-1.615437211944462,4.687117323724314,python
unweighted,ipw,-0.8585625517498041,4.64938943686625,python
unweighted,dr,-1.2256473257435707,4.978218496364547,python
weighted,reg,-3.4592200593870497,2.3955892512392594,python
weighted,ipw,-3.8416966844432756,3.4117482875717395,python
weighted,dr,-3.756104598455008,3.2512676457012617,python
